"","campaign_name","Mean","SE","CI_low","CI_high"
"1","Control Campaign",512.534078640097,34.8299476021321,442.704238083907,582.363919196287
"2","Test Campaign",623.239112866489,35.8283650364218,551.407565875326,695.070659857652
